{
  "kango_version": "1.2.4 744e69cf4136", 
  "content_scripts": [], 
  "description": "Create tickets from page title", 
  "creator": "gsobczyk", 
  "background_scripts": [
    "main.js"
  ], 
  "homepage_url": "http://kangoextensions.com/", 
  "version": "0.9.2", 
  "browser_button": {
    "caption": "RT", 
    "tooltipText": "Create RT ticket", 
    "popup": {
      "url": "popup.html", 
      "width": 300, 
      "height": 520
    }, 
    "icon": "icons/rt-18.png"
  }, 
  "id": "obiejdodggbgjpgcdjkbcmjkamiagehh", 
  "name": "Create RT ticket plugin"
}