{
    "kango_version": "1.3.9 5f7ad87d19fe", 
    "content_scripts": [], 
    "description": "Create tickets from page title", 
    "creator": "gsobczyk", 
    "kango_package_id": "dev", 
    "background_scripts": [
        "js/main.js", 
        "js/jquery-1.10.2.js", 
        "js/jquery.formatDateTime.js", 
        "js/hogan-2.0.0.js", 
        "js/common.js", 
        "js/deparam.js"
    ], 
    "homepage_url": "https://github.com/gsobczyk/create-rt-ticket", 
    "version": "0.0.11", 
    "options_page": "options.html", 
    "browser_button": {
        "caption": "RT", 
        "tooltipText": "Create RT ticket", 
        "popup": {
            "url": "popup.html", 
            "width": 400, 
            "height": 520
        }, 
        "icon": "icons/rt-18.png"
    }, 
    "id": "obiejdodggbgjpgcdjkbcmjkamiagehh", 
    "name": "Create RT ticket plugin"
}